"","StnLocation","geometry"
"1","Aboiteau",c(-64.29736, 46.22978)
"2","Alberton",c(-64.0592, 46.795366)
"3","Alder Point",c(-60.2840000001644, 46.308499999917)
"4","Antigonish",c(-62.7119, 45.6748)
"5","Antigonish Harbour",c(-61.89256, 45.67172)
"6","Arichat",c(-61.0176800001176, 45.5105500000629)
"7","Aspy Bay North Harbour",c(-60.47023000043, 46.9070199997656)
"8","Aspy Bay/Digwall",c(-60.4604, 46.9032)
"9","Aulds Cove",c(-61.43549, 45.6482133333333)
"10","Back Bay",c(-66.8637999999852, 45.0560999999882)
"11","Baddeck",c(-60.7475200002057, 46.0999000000951)
"12","Baie Ste Anne",c(-65.06838889, 47.07891667)
"13","Baie Ste-Anne",c(-65.06838889, 47.07891667)
"14","Baie de Bouctouche",c(-64.71331, 46.47568)
"15","Baie du Village",c(-64.7643333333333, 46.6841666666667)
"16","Ballantyne's Cove",c(-61.91898, 45.85872)
"17","Ballantynes Cove",c(-61.9193075, 45.858625)
"18","Barachois Harbour",c(-63.26453, 45.73212)
"19","Barrachois Harbour",c(-63.265355, 45.7321575)
"20","Barrachois Harbour comm wharf",c(-63.26847, 45.73169)
"21","Barrachois Harbour marina",c(-63.26466, 45.73206)
"22","Bas Caraquet",c(-64.8720333333333, 47.8030666666667)
"23","Bas-Caraquet",c(-64.872355, 47.8031375)
"24","Basin Head",c(-62.1078244433333, 46.38298111)
"25","Bathurst",c(-65.62685575, 47.657764)
"26","Bay De Cocagne",c(-64.57497, 46.35558)
"27","Bay St. Lawrence",c(-60.4647000001435, 47.0001000000257)
"28","Bayfield",c(-61.75408, 45.6454066666667)
"29","Beaver Harbour",c(-65.2978999998042, 45.0108666666247)
"30","Bedec",c(-64.76375, 46.6846944)
"31","Bedeque",c(-63.78836667, 46.3154)
"32","Bedford Mill Cove",c(-63.6712000000298, 44.714099999913)
"33","Bedford, BBYC",c(-63.6639369998426, 44.7258400000313)
"34","Belledune",c(-65.840567335, 47.909315335)
"35","Ben Eoin",c(-60.4313699996415, 45.9813099997093)
"36","Bertrand",c(-65.046805, 47.78578)
"37","Bertrand Wharf",c(-65.07112, 47.76722)
"38","Bideford",c(-63.9166175, 46.6172425)
"39","Big Bras Dor",c(-60.4250000001477, 46.2811700002949)
"40","Blacks Harbour",c(-66.7947999998269, 45.0559000000699)
"41","Blanche",c(-65.4359729997988, 43.5463650000275)
"42","Bliss Harbour ManOWar",c(-66.8664000001855, 45.0295999999596)
"43","Borden",c(-63.701045, 46.249515)
"44","Bouctouche",c(-64.71296, 46.47567)
"45","Bouctouche leases",c(-64.6652, 46.503416)
"46","Bouctouche marina",c(-64.71332, 46.47567)
"47","Boutilier's Point",c(-63.9486699999363, 44.6566800002334)
"48","Brudenell/Montague",c(-65.5718193, 46.1929269)
"49","Camp Cove",c(-65.8405699998253, 43.7235999999705)
"50","Canso",c(-60.9953500003818, 45.3381700000794)
"51","Cap Pele",c(-64.2597, 46.23505)
"52","Cap St. Louis",c(-64.91494, 46.75952)
"53","Cap-de-Cocagne",c(-64.60391667, 46.38372222)
"54","Cape Canso",c(-60.9982290001281, 45.3394539999454)
"55","Cape Tormentine",c(-63.777155, 46.1345375)
"56","Caraquet",c(-64.92672, 47.79652)
"57","Cardigan",c(-62.61748, 46.2313)
"58","Cardigan Bay",c(-62.61748, 46.2313)
"59","Caribou",c(-62.6864925, 45.73856)
"60","Chance Harbour",c(-62.580385, 45.67947)
"61","Charlie Cove",c(-66.863999999987, 45.0305000002812)
"62","Charlottetown",c(-63.1241025, 46.229885)
"63","Charlottetown CYC",c(-63.12433, 46.22886)
"64","Charlottetown PQ",c(-63.12219, 46.23124)
"65","Chatham",c(-65.47444, 47.027647)
"66","Chester",c(-64.238400000114, 44.5378000001491)
"67","Cheticamp",c(-61.0159276667935, 46.6219683333152)
"68","Chéticamp",c(-61.0136843333333, 46.6250383333333)
"69","Clarks Harbour",c(-65.6351000001546, 43.4447000001623)
"70","Cocagne",c(-64.5750933333333, 46.35544)
"71","Cocagne leases",c(-64.60457, 46.38958)
"72","Cocagne marina",c(-64.57501, 46.35531)
"73","Conway Narrows",c(-63.9114075, 46.655365)
"74","Coopers Point",c(-62.6759500001377, 44.7945199997129)
"75","Corkums Island",c(-64.3336200001081, 44.3611300002509)
"76","Country Harbour",c(-61.758999999984, 45.2321699997252)
"77","Covehead",c(-63.14736667, 46.42588333)
"78","Cribbons Point",c(-61.89722, 45.75585)
"79","Crow Island",c(-66.8749999999985, 45.0420999997343)
"80","Crowbush Cove Wharf",c(-62.83953, 46.42638)
"81","DEscousse LPYC",c(-60.9617999996282, 45.5886999998658)
"82","Dalhousie",c(-66.37991667, 48.07198333)
"83","Dartmouth Alderney Landing",c(-63.5719999999103, 44.6651999998827)
"84","Dartmouth Yacht Club",c(-63.6119670000066, 44.7004570000966)
"85","Dennis Point",c(-65.7878330004229, 43.6189850002223)
"86","Digby",c(-65.752330000129, 44.6301499998483)
"87","Dingwall",c(-60.4604000001903, 46.9032000001064)
"88","Dingwall Harbour",c(-60.4656019995621, 46.9004130001606)
"89","Dipper Harbour",c(-66.416799999916, 45.0944000000665)
"90","Douglastown",c(-65.499512, 47.023322)
"91","Dundee Marina",c(-61.0910999999914, 45.6999999996943)
"92","East Bay-A",c(-60.3889000003062, 46.0167000002936)
"93","East Bay-B",c(-60.3891999998818, 46.0135999999907)
"94","East Petpeswick YC",c(-63.1509699999884, 44.7672100002014)
"95","East Side Port Lhebert",c(-64.9288700001558, 43.8197000002376)
"96","Eddy Point",c(-61.2636799998018, 45.5209999999155)
"97","Eel Lake Brackish",c(-65.9076700002595, 43.8266700003088)
"98","Eel Lake Salt Bay",c(-65.9139000000112, 43.8150000002099)
"99","Egmont Bay",c(-64.0842766666667, 46.5522833333333)
"100","Escuminac",c(-64.8874625, 47.080879)
"101","Eskasoni",c(-60.5853000001899, 45.9556999998791)
"102","Fairhaven",c(-67.007652000032, 44.9640460001119)
"103","Fairhaven MF",c(-67.0143000002904, 44.9639999996875)
"104","Falls Point",c(-65.7399999995526, 43.4999999998741)
"105","Fourchu",c(-60.2455419999571, 45.7171530001086)
"106","Fox Point",c(-64.0579000001218, 44.6141500002942)
"107","Foxley",c(-64.0720075, 46.737435)
"108","French River",c(-63.51133, 46.51754)
"109","Gabarus",c(-60.1384090000214, 45.8401639999493)
"110","Gaspereaux",c(-62.45531667, 46.09595)
"111","Georgetown",c(-62.53127, 46.1788275)
"112","Gillis Cove",c(-61.0538999996097, 45.9110000002071)
"113","Grand Étang",c(-61.044045, 46.5486)
"114","Grand-Etang",c(-61.0442065, 46.54848)
"115","Grande Digue",c(-64.50982, 46.31356)
"116","Grande-Digue",c(-64.50989, 46.31348)
"117","Gullivers Cove",c(-65.9200000000665, 44.6100000002132)
"118","Gunning Cove",c(-65.3397300001348, 43.6807299999261)
"119","Guysborough",c(-61.496877999676, 45.3922039998778)
"120","Halifax BIO Jetty",c(-63.6106220000745, 44.6811069999431)
"121","Halifax Herring Cove",c(-63.556999999568, 44.5694000000357)
"122","Halifax, AYC",c(-63.6131000000827, 44.6358799999886)
"123","Halifax, RNSYS",c(-63.5802199998908, 44.6214199999849)
"124","Harbour de Loutre",c(-66.9386669998158, 44.9231669998279)
"125","Havre Boucher",c(-61.5275000001514, 45.6888000000872)
"126","Head Harbour",c(-66.9055000001376, 44.9465999999626)
"127","Hillsborough",c(-63.2766666666667, 46.1347)
"128","Hog Island",c(-66.9929000003171, 45.1417999996841)
"129","Hubbards",c(-64.0590700000419, 44.6376799999887)
"130","Indian Island",c(-66.9691000001454, 44.9349000002736)
"131","Indian Point Marine Farms",c(-64.306829999867, 44.4559800001007)
"132","Ingall's Head",c(-66.7566000000438, 44.6608999999861)
"133","Ingomar",c(-65.3624499999928, 43.5627000000127)
"134","Ingonish",c(-60.3592000000956, 46.6893000001191)
"135","Inverness",c(-61.3168499999008, 46.2300000000778)
"136","Kouchibouguac",c(-64.93448, 46.831505)
"137","L'Etete",c(-66.8955999999528, 45.0512999999779)
"138","Larrys River",c(-61.3737300000725, 45.2178800000603)
"139","Lennox Island",c(-63.85763, 46.59969)
"140","Leonardville",c(-66.9526999998437, 44.9716000001093)
"141","Lime Kiln Bay",c(-66.8216999996327, 45.0594000000407)
"142","Little Harbour",c(-60.7406699996203, 45.5833300002219)
"143","Little Narrows",c(-60.9841999996842, 45.9919000001413)
"144","Little River",c(-60.4593600000574, 46.447119999969)
"145","Lockeport",c(-65.1074000002338, 43.6995000003157)
"146","Louisburg",c(-59.9711529997956, 45.9178009999979)
"147","Lower Sandy Point",c(-65.3013499998802, 43.6801299997134)
"148","Lunenburg FMW",c(-64.310500000176, 44.3753999998626)
"149","Lunenburg RWW",c(-64.306869999917, 44.37524999989)
"150","Lunenburg Yacht Club",c(-64.3217000003799, 44.4108300001432)
"151","Mabou",c(-61.4645966666667, 46.0863263333333)
"152","Mahone Bay",c(-64.3743699996606, 44.4478200000899)
"153","Main a Dieu",c(-59.8410999999159, 46.0064999999783)
"154","Malpeque",c(-63.7645, 46.53221667)
"155","Marchwater",c(-63.7638, 46.53221667)
"156","Marie-Joseph Aqua",c(-62.0632200000816, 44.9673879997552)
"157","Merigomish",c(-62.4353025, 45.642950555)
"158","Merigomish Harbour",c(-62.43513, 45.643045)
"159","Meteghan",c(-66.1668800000915, 44.1936500001266)
"160","Mill Cove",c(-64.0540200003399, 44.5806199999372)
"161","Mill River",c(-64.09499, 46.77335)
"162","Miramichi",c(-65.45673926, 47.039039534)
"163","Miramichi (""Chatham"")",c(-65.47385, 47.02798)
"164","Miscou",c(-64.5769975, 47.894955)
"165","Montague",c(-62.59818, 46.1765)
"166","Moose Harbour",c(-64.6644000004262, 44.0187000001326)
"167","Morell",c(-62.713185, 46.4321175)
"168","Morrisons Cove",c(-61.0364999999673, 45.9090999997146)
"169","Murray Corner",c(-63.9348, 46.16889)
"170","Murray Harbour",c(-62.52294, 46.005445)
"171","Murray River",c(-62.5657, 46.028)
"172","Musquash",c(-66.2574999996827, 45.1866999997581)
"173","Musquash A",c(-66.2517710002464, 45.1527259998798)
"174","Naufrage",c(-62.4177, 46.4675)
"175","Neguac",c(-65.0726433333333, 47.2403566666667)
"176","Neguac leases",c(-65.040639, 47.26103)
"177","Neguac marina",c(-65.07263, 47.24038)
"178","New Campbellton",c(-60.4368880000889, 46.2893000000315)
"179","New London",c(-63.509022, 46.47542)
"180","Nine Mile Creek",c(-63.21846, 46.1482225)
"181","North Head",c(-66.7490000001787, 44.7630999998692)
"182","North Lake",c(-62.07180074, 46.46646037)
"183","North Road",c(-66.9412200000876, 44.9159939998853)
"184","North Rustico",c(-63.3101625, 46.4564975)
"185","North Sydney",c(-60.2489999999823, 46.2068000000038)
"186","Nyanza Bay",c(-60.8902700003149, 46.0893700001965)
"187","Orangedale",c(-61.0880699996061, 45.900648000122)
"188","PQ Aqua",c(-67.0152929998021, 45.1448330001769)
"189","Petit de Grat A",c(-60.9604999999849, 45.5071000001101)
"190","Petit de Grat-B",c(-60.9639999998102, 45.5025199996906)
"191","Pictou",c(-62.6973814285334, 45.6790875242712)
"192","Pinette",c(-62.911375, 46.053715)
"193","Pinkneys Point",c(-66.0547090001988, 43.7039959998744)
"194","Pointe Verte",c(-65.76141, 47.86124)
"195","Pointe du Chêne",c(-64.53602778, 46.24061)
"196","Pointe-Verte",c(-65.761785, 47.861025)
"197","Pointe-du-Chêne",c(-64.526785, 46.24047)
"198","Port Bickerton",c(-61.7227500001773, 45.1053200000246)
"199","Port Hawkesbury",c(-61.3696000000589, 45.6136000000546)
"200","Port La Tour",c(-65.4698800000147, 43.4984799998764)
"201","Port Morien",c(-59.8702999996359, 46.1308000000002)
"202","Port Mouton",c(-64.8433999999795, 43.9193999998809)
"203","Portage",c(-60.9945400002699, 45.9367999998933)
"204","Pugwash",c(-63.663015, 45.84658)
"205","Purcells Cove",c(-63.5499999998874, 44.6000000000071)
"206","Queensport",c(-61.2558700000093, 45.3446500002788)
"207","Ram Island",c(-65.4306700003349, 43.5193300001819)
"208","Richibucto",c(-64.861165, 46.680475)
"209","River Bourgeois",c(-60.9473500000052, 45.6292499997202)
"210","Riverport",c(-64.3446000000281, 44.2896000000605)
"211","Robin's Cove, IMBC",c(-61.0998999998209, 45.5062000000556)
"212","Rustico",c(-63.24499, 46.40613)
"213","SABS",c(-67.0846999998247, 45.0823000002805)
"214","Saint Louis de Kent",c(-64.91512, 46.75971)
"215","Sambro",c(-63.5995300000381, 44.47860999987)
"216","Savage Harbour",c(-62.83937, 46.42665)
"217","Seal Cove",c(-66.8413000001777, 44.6474000001492)
"218","Shearwater Yacht Club",c(-63.5210999998715, 44.6280999999657)
"219","Shediac",c(-64.5394765, 46.2346436666667)
"220","Shediac - Pointe-du-Chene YC",c(-64.52606, 46.24027)
"221","Shediac - Shediac Bay Yacht Club",c(-64.54607, 46.2278)
"222","Shediac Bay",c(-64.53602778, 46.2446944)
"223","Shediac leases",c(-64.549966, 46.291433)
"224","Shelburne YC",c(-65.322000000008, 43.7577999999927)
"225","Shemogue",c(-64.06772222, 46.16625)
"226","Ship Harbour",c(-62.872000000407, 44.8124000002965)
"227","Shippagan",c(-64.7079075, 47.7480075)
"228","Sober Island",c(-62.4700000001985, 44.8399999998634)
"229","Souris",c(-62.24905, 46.3470725)
"230","South Bar",c(-60.2041000002936, 46.1997000002383)
"231","South Lake",c(-62.05313889, 46.4117222)
"232","Southwest River",c(-63.5015333333333, 46.48355)
"233","St Andrew's",c(-67.0530999999531, 45.0676999998821)
"234","St Anns Bay",c(-60.5643999999994, 46.278500000145)
"235","St Peters",c(-60.8743999997932, 45.6611499998908)
"236","St. Anne Bay",c(-65.0691333333333, 47.0774166666667)
"237","St. Mary's Bay",c(-62.52092, 46.12703)
"238","St. Simon",c(-64.77655, 47.71673333)
"239","St. Simon Sud",c(-64.77655, 47.71673333)
"240","Stanley Bridge",c(-63.4597125, 46.463334)
"241","Summerside",c(-63.7872325, 46.3887425)
"242","Summerside comm wharf",c(-63.79242, 46.38937)
"243","Summerside marina",c(-63.78577, 46.38834)
"244","Sydney Dobson Yacht Club",c(-60.2043660004323, 46.1372729999744)
"245","Sydney RCBYC",c(-60.1972410001799, 46.1391970000677)
"246","Tantallon Shining Waters Marina",c(-63.91296400028, 44.658432000097)
"247","Tatamagouche",c(-63.29644, 45.77449)
"248","Tignish",c(-64.0023833333333, 46.9529666666667)
"249","Tiverton",c(-66.2141299999119, 44.3968099998877)
"250","Tracadie",c(-64.5269493333333, 47.2996093333333)
"251","Upper Port La Tour",c(-65.4693000000713, 43.5060000002877)
"252","Venus Cove",c(-61.3900469998641, 45.6147790000964)
"253","Wallace Bay",c(-63.4535000004403, 45.8098700003)
"254","Wallace Cove",c(-66.8051999996155, 45.0465999997076)
"255","Wedgeport",c(-65.9694699999904, 43.7137000001345)
"256","Wedgeport Tuna Wharf",c(-65.9843399997284, 43.7120399997367)
"257","West Head",c(-65.6545799995846, 43.4581300001401)
"258","West Point",c(-64.37206, 46.6190825)
"259","Westport",c(-66.3480000002151, 44.264900000108)
"260","Whitehead - Munroe Point (stnD)",c(-61.1735199997113, 45.2517699998183)
"261","Whitehead - NE Branch (stn F)",c(-61.1358800000119, 45.2714699996972)
"262","Whitehead - Northwest (stn E)",c(-61.1638300003023, 45.2779800003071)
"263","Whitehead - White Islands (stnC)",c(-61.1615799998916, 45.2428300003143)
"264","Whitehead - Yankee Cove (stnA)",c(-61.1587500004211, 45.2329699998871)
"265","Whitehead Aqua",c(-61.1526200001143, 45.2394300000266)
"266","Whitehead Wharf",c(-61.1897700001908, 45.2402070001039)
"267","Whycocomagh",c(-61.1124740000254, 45.9683789999456)
"268","Wilson's Beach",c(-66.9399999999844, 44.928299999869)
"269","Wine Harbour",c(-61.8614999999637, 45.0715000000205)
"270","Wood Islands",c(-62.7483775, 45.953415)
"271","Yarmouth Bar",c(-66.1478500001355, 43.8164800000964)
"272","Yarmouth Yacht Club",c(-66.1232800001702, 43.8363600001232)
